"# of Use","Kullanım Sayısı"
"%1$s incl tax.","Vergi Dahil %1$s"
"%s - %s","%s - %s"
"%s Item(s)","%s Ürün(ler)"
"%s and above","%s ve üzeri"
"(%d)","(%d)"
"(Copy data from: %s)","(%s'den bilgi kopyala)"
"* Required Fields","* Zorunlu Alanlar"
"-- Please Select --","-- Lütfen Seçiniz --"
"86400 by default, if not set. To refresh instantly, Clear the Blocks HTML Output Cache.","86400 by default, if not set. To refresh instantly, Clear the Blocks HTML Output Cache."
"<strong style=""color:red"">Warning!</strong> Applying MAP by default will hide all product prices on the frontend.","<strong style=""color:red"">Warning!</strong> Applying MAP by default will hide all product prices on the frontend."
"A group with the same name already exists.","Aynı isimde bir grup zaten var."
"A name is required","İsim girmeniz gerekiyor"
"A product type is not defined for the indexer.","Endeksleme için bir ürün tipi belirlenmedi."
"ALL GROUPS","Tüm GRUPLAR"
"AM","AM"
"Action","İşlem"
"Actual Price","Geçerli Fiyat"
"Add","Ekle"
"Add Attribute","Özellik Ekle"
"Add Design Change","Tasarım Değişikliği Ekle"
"Add Group","Grup Ekle"
"Add Group Price","Grup Fiyatı Ekle"
"Add New","Yeni Ekle"
"Add New Attribute","Yeni Özellik Ekle"
"Add New Attribute Set","Yeni Özellik Seti Ekle"
"Add New Group","Yeni Grup Ekle"
"Add New Images","Yeni Resim(ler) Ekle"
"Add New Option","Yeni Seçenek(ler) Ekle"
"Add New Row","Yeni Satır Ekle"
"Add New Search Term","Yeni Arama Kelimesi Ekle"
"Add New Set","Yeni Set Ekle"
"Add Product","Ürün Ekle"
"Add Product To Websites","Ürünü Web Sitelerine Ekle"
"Add Root Category","Ana Kategori Ekle"
"Add Subcategory","Alt Kategori Ekle"
"Add Tax","Vergi Ekle"
"Add Tier","Seviye  Ekle"
"Add attribute into attribute set","Özellik setine özellik ekle"
"Add group into attribute set","Özellik setine grup ekle"
"Add new custom option into product","Ürüne özel seçenek ekle"
"Add new values into custom option","Özel seçeneklere yeni değer(ler) ekle"
"Add option","Seçenek Ekle"
"Add to Cart","Sepete Ekle"
"Add to Compare","Karşılaştır"
"Add to Wishlist","Takip Listesine Ekle"
"Additional Information","Ek Bilgi"
"Alert Urls","Alarm Adresleri"
"All","Hepsi"
"All Product Types","Tüm Ürün Tipleri"
"All Websites","Tüm Siteler"
"All products","Tüm Ürünler"
"All products - recently added products, New products - products marked as new","Tüm Ürünler – Yeni eklenmiş ürünler, Yeni Ürünler – Yeni olarak işaretlenmiş ürünler"
"All products of this set will be deleted! Are you sure you want to delete this attribute set?","Bu setteki tüm ürünler silinecektir. Bu özellik setini silmek istediğinizden emin misiniz?"
"Allow All Products per Page","Her sayfada 'Tüm Ürünler' bağlantısını göster"
"Allow Dynamic Media URLs in Products and Categories","Ürün ve Kategoriler için dinamik medya URL'lerine izin ver"
"Allow HTML Tags on Frontend","Ön sayfada HTML etiketlerine izin ver"
"Allowed File Extensions","İzin Verilen Dosya Uzantıları"
"Allowed file extensions to upload","Dosya Yüklemede Izin Verilen Dosya Uzantıları"
"Amount","Tutar"
"An error occurred while adding products to websites.","Websitelerine ürünler eklenirken hata oluştu."
"An error occurred while clearing comparison list.","Karşılaştırma listesi temizlenirken hata oluştu."
"An error occurred while deleting this review.","Yorum silinirken hata oluştu."
"An error occurred while removing products from websites.","Web Sitelerinden ürün silerken hata oluştu."
"An error occurred while saving the URL rewrite","Adres Yeniden Yazımı kaydedilirken hata oluştu"
"An error occurred while saving the attribute set.","Özellik seti kaydedilirken hata oluştu."
"An error occurred while saving the collection, aborting. Error message: %s","Koleksiyon kaydedilirken hata oluştu, işleme son veriliyor. Hata mesajı : %s"
"An error occurred while saving the product. ","Ürün kaydedilirken hata oluştu. "
"An error occurred while saving the search query.","Arama kelimesi kaydedilirken hata oluştu."
"An error occurred while saving this group.","Bu grup kaydedilirken hata oluştu."
"An error occurred while saving this review.","Yorum kaydedilirken hata oluştu."
"An error occurred while trying to delete the category.","Kategori silinirken hata oluştu."
"An error occurred while updating the product(s) attributes.","Ürün özellikleri güncellenirken hata oluştu."
"An error occurred while updating the product(s) status.",
"An invalid group ID is specified, skipping the record.",
"An invalid option ID is specified for %s (%s), skipping the record.",
"An invalid store was specified.","Hatalı mağaza seçimi yapıldı."
"Anchor Custom Text","Anchor Custom Text"
"Anchor Custom Title","Anchor Custom Title"
"Applicable to catalog products and categories only. Any media content will be inserted into editor as a static URL. It is not updated if the system configuration base URL changes.","Applicable to catalog products and categories only. Any media content will be inserted into editor as a static URL. It is not updated if the system configuration base URL changes."
"Apply MAP (Default Value)","Apply MAP (Default Value)"
"Apply To","Uygula"
"Approved","Onaylandı"
"Are you sure you want to delete this category?","Bu kategoriyi silmek istediğinize emin misiniz?"
"Are you sure you would like to remove all products from your comparison?","Tüm ürünleri karşılaştırma listenizden kaldırmak istediğinizden emin misiniz?"
"Are you sure you would like to remove this item from the compare products?","Bu ürünü karşılaştırma listenizden kaldırmak istediğinize emin misiniz?"
"Are you sure?","Emin misiniz?"
"As low as:","En düşük fiyat:"
"Assign","Ata"
"Assign product link","Ürün bağlantısı ata"
"Assign product to category","Ürünü kategoriye ata"
"Assigned Products","Atanmış Ürünler"
"Associated Products","Bağlantılı Ürünler"
"Attrib. Set Name","Özellik Seti Adı"
"Attribute ""%s"" is invalid.","Özellik ""%s"" geçersiz."
"Attribute ""%s"" is required.","Özellik ""%s"" gerekli."
"Attribute Information","Özellik Bilgisi"
"Attribute Model","Özellik Modeli"
"Attribute Name:","Özellik Adı:"
"Attribute Set","Özellik Seti"
"Attribute Sets","Özellik Setleri"
"Attribute add","Özellik Ekle"
"Attribute code is invalid. Please use only letters (a-z), numbers (0-9) or underscore(_) in this field, first character should be a letter.","Attribute code is invalid. Please use only letters (a-z), numbers (0-9) or underscore(_) in this field, first character should be a letter."
"Attribute group with the \/name/\"" name already exists""","Attribute group with the \/name/\"" name already exists"""
"Attribute group with the \/name/\ name already exists","Attribute group with the \/name/\ name already exists"
"Attribute remove","Özellik Sil"
"Attribute with the same code already exists","Aynı kodu kullanan bir özellik zaten var"
"Attributes","Özellikler"
"Attrribute names can be specified per store.","Özellik adları her mağaza için ayrı verilebilir."
"Autogenerate","Otomatik Oluştur"
"Availability:","Stok Durumu :"
"Back","Geri"
"Backend Model","Backend Modeli"
"Backend Table","Backend Tablosu"
"Backend Table Title","Backend Tablo Başlığı"
"Backorders","Backorders"
"Based On","Şuna Bağlı"
"Before Order Confirmation","Sipariş Onayından Önce"
"Best Value","En İyi Değer"
"Block after Info Column","Bilgi kolonundan sonraki Blok"
"Bottom Block Options Wrapper","Alt Blok Seçenek Kutusu"
"Bottom/Left","Alt/Sol"
"Bottom/Right","Alt/Sağ"
"Browse By","Seçenekler"
"Bundle Items","Paket Ürünler"
"Buy %1$s"," %1$s adet satın alın"
"Buy %1$s for"," %1$s adet satın alın"
"Buy %1$s for %2$s","%2$'ye %1$ adet satın alın"
"Buy %1$s for %2$s (%3$s incl. tax) each","Her biri %2$'ye (Vergi dahil %3$) %1$ Satın Al"
"Buy %1$s for %2$s each","%1$s adet satın alın,  her biri %2$s ödeyin "
"Cache Lifetime (Seconds)","Cache Lifetime (Seconds)"
"Cache refresh needed.","Önbelleğin tazelenmesi gerekiyor."
"Can be Divided into Multiple Boxes for Shipping","Teslimat için 1'den fazla kutuya bölünebilir"
"Can be used only with catalog input type Dropdown","Sadece katalog girişi tipindeki Dropdown (açılır menü) ile kullanılabilir"
"Can be used only with catalog input type Dropdown, Multiple Select and Price","Sadece katalog girişi tipindeki Dropdown (açılır menü), Multiple Seleck (Çoklu Seçim) ve Fiyat ile kullanılabilir"
"Can\'t create image.","Resim oluşturulamıyor."
"Cancel","İptal"
"Cannot create image.","Resim oluşturulamadı."
"Cannot create writeable directory '%s'.","'%s' klasörü yazdırılabilir olarak oluşturulamadı."
"Cart Item Attribute","Sepetteki ürün özelliği"
"Catalog","Katalog"
"Catalog Category (Anchor)","Katalog Kategorisi (Anchor)"
"Catalog Category (Non-Anchor)","Katalog Kategorisi (Non-Anchor)"
"Catalog Category (Without Subcategories)","Katalog Kategorisi (Alt Kategoriler Olmadan)"
"Catalog Category Link","Katalog Kategorisi Bağlantısı"
"Catalog New Products List","Katalog Yeni Ürünler Listesi"
"Catalog Price Scope","Katalog Fiyat Havuzu"
"Catalog Product Compare List","Katalog Karşılaştırılan Ürünler Listesi"
"Catalog Product Email to a Friend","Katalog Ürünü Arkadaşına Tavsiye Et"
"Catalog Product Image Gallery Popup","Katalog Ürün Resim Galerisi Popup Kutusu"
"Catalog Product Link","Katalog Ürün Bağlantısı"
"Catalog Product View (Any)","Katalog Ürün Görünümü (Herhangi)"
"Catalog Product View (Configurable)","Katalog Ürün Görünümü (Configurable)"
"Catalog Product View (Grouped)","Katalog Ürün Görünümü (Grouped)"
"Catalog Product View (Simple)","Katalog Ürün Görünümü (Simple)"
"Catalog Product View (Virtual)","Katalog Ürün Görünümü (Virtual)"
"Catalog Section","Katalog Bölümü"
"Catalog Seo Sitemap (Category List)","Catalog Seo Sitemap (Category List)"
"Catalog Seo Sitemap (Category Tree)","Catalog Seo Sitemap (Category Tree)"
"Catalog Seo Sitemap (Common)","Catalog Seo Sitemap (Common)"
"Catalog Seo Sitemap (Product List)","Catalog Seo Sitemap (Product List)"
"Catalog URL Rewrites","Katalog Url Yeniden Yazımı"
"Catalog product custom option values API","Ürün Özel Seçenek Değerleri APIsi"
"Catalog product custom options API","Ürün Özel Seçenekleri APIsi"
"Catalog, Search","Katalog, Arama"
"Categories","Kategoriler"
"Categories Sitemap","Kategorilerin Site Haritası"
"Category","Kategori"
"Category API","Kategori API si"
"Category Data","Kategori Verisi"
"Category Flat Data","Kategori Flat Tablosu "
"Category Link Block Template","Kategori Bağlantısı Blok Şablonu"
"Category Link Inline Template","Kategori Bağlantısı Inline Şablonu"
"Category Products","Kategori Ürünleri"
"Category Top Navigation","Kategori Üst Navigasyon"
"Category URL Suffix","Kategori URL Soneki"
"Category attributes API","Kategori Özellikleri APIsi"
"Category move error","Kategori taşıma hatası"
"Category move error %s","Kategori taşıma hatası  %s"
"Category move operation is not possible: parent category is equal to child category.","Kategori taşıma işlemi yapılamıyor : üst kategori ile alt kategori aynı."
"Category move operation is not possible: the current category was not found.","Kategori taşıma işlemi yapılamıyor : mevcut kategori bulunamadı."
"Category move operation is not possible: the new parent category was not found.","Kategori taşıma işlemi mümkün değil : Yeni üst kategori bulunamadı."
"Category must be an instance of Mage_Catalog_Model_Category.","Category must be an instance of Mage_Catalog_Model_Category."
"Center","Merkez"
"Change","Değiştir"
"Change or Retrieve attribute store view","Özellik görünümünü Gör/Değiştir"
"Change status","Durumu Değiştir"
"Check items to add to the cart or","Sepete eklenmek üzere ürün seçiniz veya "
"Choose an Option...","Birini seçiniz..."
"Clear All","Hepsini Temizle"
"Clear Price","Fiyatı Sil"
"Click for price","Fiyatı için tıklayınız"
"Close Window","Pencereyi Kapat"
"Collapse All","Hepsini Toparla"
"Comma-separated.","Virgülle ayrılmış."
"Comparable","Karşılaştırılabilir"
"Comparable on Front-end","Ön sayfada Karşılaştırılabilir"
"Comparable on the Frontend","Ön Sayfada Karşılaştırılabilir"
"Compare","Karşılaştır"
"Compare Products","Ürünleri Karşılaştır"
"Conditions Combination","Durum Kombinasyonu"
"Configurable Product","Ayarlanabilir Ürün"
"Configurable Product Settings","Ayarlanabilir Ürün Ayarları"
"Configure Product","Ürünü Ayarla"
"Continue","Devam"
"Copy From Configurable","Ayarlanabilir Üründen Kopyala"
"Country/State","Ülke/Şehir"
"Create","Oluştur"
"Create (Upload)","Oluştur (Yükle)"
"Create Empty","Boş Oluştur"
"Create Permanent Redirect for URLs if URL Key Changed","URL değişince eski URL için kalıcı yönlendirme yap"
"Create Permanent Redirect for old URL","Eski adres için yönlendirme kaydı ekle"
"Create Product Settings","Ürün Ayarlarını Oluştur"
"Create Simple Associated Product","Basit Ürün Oluştur"
"Create attribute set based on another set","Başka bir özellik setinden yeni bir özellik seti oluştur"
"Create new attribute","Yeni özellik oluştur"
"Create new category","Yeni kategori Ekle"
"Create new product","Yeni Ürün Ekle"
"Cross-sells","Çapraz Satış"
"Currently Shopping by:","Mevcut Seçimleriniz:"
"Custom Design","Özel Tasarım"
"Custom Options","Özel Seçenekler"
"Custom options","Özel  seçenekler"
"Customer Group","Müşteri Grubu"
"Customers Reviews","Müşteri Yorumları"
"Customers Tagged Product","Müşteriler tarafından etiketlenen ürün"
"Data Type for Saving in Database","Veritabanına kaydederken kullanılacak veri tipi"
"Date & Time Custom Options","Tarih & Saat Seçenekleri"
"Date Fields Order","Tarih alanları sıralaması"
"Date Subscribed","Eklendiği Tarih"
"Datetime","Tarih-Saat"
"Decimal","Ondalık"
"Declare attribute value saving scope","Özellik değeri kaydetme havuzunu belirtiniz"
"Default ""What's This"" Text Message","Default ""Bu Nedir"" Yazılı Mesajı"
"Default Popup Text Message","Varsayılan Açılır Pencere Mesajı"
"Default Price","Varsayılan fiyat"
"Default Price Navigation Step","Ana Fiyat Gezinme Adımı"
"Default Qty","Varsayılan Adet"
"Default Values","Varsayılan Değerler"
"Defines the base currency scope (""Currency Setup"" > ""Currency Options"" > ""Base Currency"").",
"Delete","Sil"
"Delete Attribute","Özelliği Sil"
"Delete Attribute Set","Özellik Setini Sil"
"Delete Category","Kategoriyi Sil"
"Delete Group Price","Grup Fiyatını Sil"
"Delete Option","Seçeneği Sil"
"Delete Row","Satır Sil"
"Delete Search","Aramayı Sil"
"Delete Selected Group","Seçili Grubu Sil"
"Delete Tier","Fiyat Kademesini Sil"
"Delete attribute","Özelliği Sil"
"Delete category","Kategoriyi Sil"
"Delete product","Ürün Sil"
"Depends on design theme","Temaya göre değişir"
"Design","Tasarım"
"Details","Detaylar"
"Disabled","Pasif"
"Disallowed file type.","İzin verilmeyen dosya tipi."
"Display Actual Price","Varolan Fiyatları Göster"
"Display Page Control","Sayfa Kontrollerini Göster"
"Display Price Interval as One Price","Fiyat aralığını tek bir fiyat olarak göster"
"Display Product Count","Ürün Sayısını Göster"
"Display Type","Gösterim Şekli"
"Display in Suggested Terms","Tavsiye edilen deyimler kısmında göster"
"Double click on a group to rename it","Adını değiştirmek istediğiniz gruba çift tıklayınız"
"Double click on above image to view full picture","Tam boyutu görmek için yukarıdaki resme çift tıklayınız"
"Downloadable Information","İndirilebilir Ürün Bilgisi"
"Duplicate","Çoğalt"
"Duplicate amount found.","Aynı toplam rakamından bir tane daha bulundu."
"Duplicate website group price customer group.","Websitesi grup fiyatı için müşteri grubunu çoğalt."
"Duplicate website tier price customer group and quantity.","Müşteri grubu ve adete özel fiyat vermek için çoğalt."
"Duplicate website, country and state tax found.","Çift web sitesi, ülke ve bölge vergisi bulundu."
"E.g. {{media url=""path/to/image.jpg""}} {{skin url=""path/to/picture.gif""}}. Dynamic directives parsing impacts catalog performance.","E.g. {{media url=""path/to/image.jpg""}} {{skin url=""path/to/picture.gif""}}. Dynamic directives parsing impacts catalog performance."
"Edit","Düzenle"
"Edit Attribute Set '%s'","Özellik setini düzenle '%s'"
"Edit Product Attribute","Ürün Özelliğini Düzenle"
"Edit Product Attribute ""%s""","Ürün özelliğini düzelt ""%s"""
"Edit Search","Aramayı Düzenle"
"Edit Search '%s'","Aramayı Düzenle '%s'"
"Edit Set Name","Set Adını Düzenle"
"Email","E-mail"
"Email to a Friend","Arkadaşına Tavsiye Et"
"Empty","Boş"
"Enable MAP","MAP Uygula"
"Enable Qty Increments","Adet Artırımlarını Aç"
"Enable WYSIWYG","WYSIWYG Editörü Aç"
"Enable for reindexing a big number of SKUs.","Çok sayıda SKU için tekrar endekslemeyi etkinleştir."
"Enabled","Aktif"
"Error during retrieval of option value: %s","Seçenek değeri alınırken hata oluştu : %s"
"Exclude","Hariç Tut"
"Expand All","Hepsini Aç"
"Failed","Başarısız"
"Failed to copy file %s. Please, delete media with non-existing images and try again.","%s adlı dosya kopyalanamadı. Varolmayan dosyaları içeren medyayı silip tekrar deneyiniz."
"Failed to move file: %s","Dosya taşınamadı : %s"
"Feature Products","Öne Çıkan Ürünler"
"Field is not complete","Alan doldurulmadı"
"File options format is not valid.","Dosya seçenekleri biçimi geçersiz."
"File upload failed","Dosya yüklemede hata oluştu"
"Filter model name must be declared.","Filtre model adı belirlenmelidir."
"Filter must be an object. Please set correct filter.","Filtre bir nesne olmalıdır. Lütfen geçerli bir filtre ayarlayınız."
"Filterable (no results)","Filterable (no results)"
"Filterable (with results)","Filterable (with results)"
"First Name","Adı"
"Fixed","Sabit"
"For internal use.","İç kullanım içindir."
"For the last time placed.","Son eklendiğinde."
"Frontend","Önyüz"
"Frontend Model","Önyüz Modeli"
"Frontend Properties","Önyüz Özellikleri"
"Gallery","Galeri"
"General Information","Genel Bilgi"
"Get full information about attribute with list of options","Özellik hakkında seçenekleri dahil olmak üzere bilgi al"
"Get full information about custom option in product","Üründeki özel seçenekle ilgili bilgi al"
"Get list of available custom option types","Kullanılabilir özel seçenek tiplarini listele"
"Get list of non-default attributes by product type and attributes set","Varsayılan olmayan özelliklerin ( ürüne göre ) ve özellik setlerini listele"
"Get list of possible attribute types","Kullanılabilir özellik tiplerini listele"
"Get special price","Özel fiyatı al"
"Global","Genel"
"Globally Editable","Genel olarak Düzenlenebilir"
"Go to Home Page","Ana Sayfaya Git"
"Grid","Kutu"
"Group add","Grup Ekle"
"Group remove","Grup Sil"
"Grouped Product","Grup Ürünü"
"Groups","Gruplar"
"Home","Ana Sayfa"
"ID","No"
"ID: %s","No: %s"
"If empty, the Category Name will be used","Eğer boşsa, Kategori Adı kullanılır"
"If empty, the Product Name will be used","Boş bırakırsanız Ürün Adı kullanılır"
"If you do not specify an option value for a specific store view then the default (Admin) value will be used.","Eğer Mağaza Görünümü bazında seçenek belirtmezseniz Varsayılan (Admin) değerleri kullanılacak."
"Image","Resim"
"Image content is not valid base64 data.","Image content is not valid base64 data."
"Image does not exist.","Image does not exist."
"Image file was not found.","Image file was not found."
"Image type and information need to be specified for each store view.","Image type and information need to be specified for each store view."
"In Cart","Sepette"
"In Stock","Stokta var"
"In stock","Stokta var"
"Incl. Tax","Vergi Dahil"
"Index product and categories URL rewrites","Ürün ve katalog için adres yeniden yazımını indeksle"
"Index product attributes for layered navigation building","Katmanlı Gezinme için ürün özelliklerini indeksle"
"Index product prices","Ürün fiyatlarını indeksle"
"Indexed category/products association","Kategori/Ürün eşleşmesi indekslendi"
"Info","Bilgi"
"Info Column Options Wrapper","Bilgi Kolonu Seçenek Çerçevesi"
"Input Type","Giriş Tipi"
"Integer","Integer"
"Interval Division Limit","Aralık Bölünme Limiti"
"Invalid Tier Prices","Geçersiz Seviye Fiyatı"
"Invalid attribute %s","Geçersiz özellik %s"
"Invalid attribute option specified for attribute %s (%s), skipping the record.",
"Invalid attribute set specified, skipping the record.",
"Invalid block: %s.","Geçersiz blok: %s."
"Invalid category IDs.","Geçersiz kategori numarası"
"Invalid category.","Geçersiz kategori"
"Invalid image file type.","Geçersiz resim dosyası tipi"
"Invalid image type.","Geçersiz resim tipi"
"Invalid option ID specified for %s (%s), skipping the record.","Invalid option ID specified for %s (%s), skipping the record."
"Invalid product type specified, skipping the record.","Invalid product type specified, skipping the record."
"Invalid store specified","Hatalı mağaza seçimi"
"Invalid store specified, skipping the record.","Invalid store specified, skipping the record."
"Invalid tier prices. The product is not associated to the requested website.","Invalid tier prices. The product is not associated to the requested website."
"Inventory","Envanter"
"Is Default","Varsayılan"
"Is Required","Zorunlu"
"Items %s to %s of %s total","Ürünler %s - %s / Toplam %s "
"Items that you do not want to show in the catalog or search results should have status 'Disabled' in the desired store.","Items that you do not want to show in the catalog or search results should have status 'Disabled' in the desired store."
"Items that you don't want to show in the catalog or search results should have status 'Disabled' in the desired store.","Items that you don't want to show in the catalog or search results should have status 'Disabled' in the desired store."
"Keep your eyes open for our special Back to School items and save A LOT!","Gözünüzü açın kampanyaları yakalayın!"
"Label","Etiket"
"Last Name","Soyad"
"Last Notification","Son Bildirim"
"Layered Navigation","Katmanlı Gezinme"
"Learn More","Daha Fazla Bilgi"
"Line %d, Email: %s","Satır %d, Email: %s"
"Line %d, SKU: %s","Satır %d, Ürün Kodu: %s"
"Link (Related, Up sell, Cross sell)","Bağlantı  (İlişkili Ürün, Up sell, Çapraz Satış)"
"Link product does not exist.","Bağlı ürün bulunamıyor."
"Link to a Specified Category","Belirlenen kategoriyle ilişkilendir"
"Link to a Specified Product","Belirlenen ürünle ilişkilendir"
"List","Liste"
"List Mode","Liste Modu"
"List of Products that are set as New","Yeni olarak işaretlenecek ürün listesi"
"List of types","Tipleri listele"
"Manage Attribute Sets","Özellik Setlerini Yönet"
"Manage Attributes","Özellikleri Yönet"
"Manage Catalog Categories","Katalog Kategorilerini Yönet"
"Manage Categories","Kategorileri Yönet"
"Manage Label / Options","İsim / Seçenek Yönetimi"
"Manage Options (values of your attribute)","Seçenek Yönetimi (Özellik Değerleri)"
"Manage Product Attributes","Ürün Özelliklerini Yönet"
"Manage Product Sets","Ürün Setlerini Yönet"
"Manage Products","Ürünleri Yönet"
"Manage Stock","Stok Yönetimi"
"Manage Titles (Size, Color, etc.)","Başlıkları Yönet (Renk, Ebat, vs)"
"Max Characters","En fazla karakter"
"Maximal Depth","En yüksek derinlik"
"Maximum Image Size","En Yüksek Resim Boyutu"
"Maximum Number of Price Intervals","İzin verilen en fazla Fiyat aralıkları adedi"
"Maximum Qty Allowed in Shopping Cart","Bir sipariş için izin verilen en çok adet"
"Maximum allowed image size for '%s' is %sx%s px.","'%s', izin verilen resim dosyası boyutlarından büyük. %sx%s px."
"Maximum image height","En Yüksek Resim Boyu"
"Maximum image width","En Yüksek Resim Eni"
"Maximum number of characters:","İzin verilen en fazla karakter sayısı :"
"Maximum number of price intervals is 100","İzin verilen en fazla Fiyat aralıkları adedi 100 dür"
"Media Image","Resim Medyası"
"Minimum Advertised Price","Tavsiye Edilen Tüketici Satış Fiyatı"
"Minimum Lines per Page","Sayfa Başı En Az Satır Sayısı"
"Minimum Qty Allowed in Shopping Cart","Alışveriş Sepeti  İçin İzin Verilen En Az Adet"
"Minimum Qty for Item\'s Status to be Out of Stock","Stokta Yok durumu için geçerli minimum miktar"
"Missing SKU, skipping the record.","SKU (Ürün) bulunamadı, kayıt atlanıyor."
"More Views","Diğer Görünümler"
"Move","Taşı"
"Move category in tree","Kategoriyi ağaç içinde taşı"
"Multi update product","Çoklu Güncelleme"
"Must be in the allowed values list.","İzin verilen değerler listesinde olmalıdır."
"N/A","Yok"
"Name","Adı"
"Name in %s","%s'deki Adı"
"New Product","Yeni Ürün"
"New Product Attribute","Yeni Ürün Özelliği"
"New Products","Yeni Ürünler"
"New Products Grid Template","Yeni Ürünler Kutu Görünümü"
"New Products List Template","Yeni Ürünler Liste Görünümü"
"New Root Category","Yeni Kök Kategori"
"New Search","Yeni Arama"
"New Set Name","Yeni Set Adı"
"New Subcategory","Yeni Alt Kategori"
"New products","Yeni Ürünler"
"Next","Sonraki"
"No","Hayır"
"No image","Resim yok"
"No layout updates","Yapısal güncelleme yok"
"No options of this product are available.","Bu ürün için seçenekler yok."
"No product collections found.","Hiç ürün koleksiyonu bulunamadı."
"None","Yok"
"Not Visible Individually","Görünmez"
"Notify Low Stock RSS","Düşük Stok RSS Akışı"
"Notify for Quantity Below","Düşük Ürün Adedi Uyarısı"
"Number of Products per Page","Bir Sayfadaki Ürün Sayısı"
"Number of Products to Display","Gösterilecek Ürün Sayısı"
"Number of Uses","Kullanım Sayısı"
"Number of results","Sonuç sayısı"
"Number of results (For the last time placed)","Number of results (For the last time placed)"
"OK","Tamam"
"OR","VEYA"
"Old Price:","Eski fiyat :"
"On Gesture","Hareket anında"
"Option validation failed to add product to cart.","Ürün sepete eklenirken seçenek doğrulama hatası oldu."
"Option values","Seçenek değerleri"
"Option:","Seçenek:"
"Options","Seçenekler"
"Options Control","Seçenek Kontrolü"
"Options is required","Seçenek gerekli"
"Our customer service is available 24/7. Call us at (555) 555-0123.",
"Out of Stock","Stokta Yok"
"Out of stock","Stokta Yok"
"PM","PM"
"Page Title Separator","Sayfa Başlık Ayracı"
"Parent Category","Üst Kategori"
"Pending","Beklemede"
"Pending Reviews RSS","Bekleyen Yorumlar RSS Akışı"
"Percentage","Yüzde"
"Please add rows to option.","Seçeneğe satır ekle."
"Please be careful as once you click on the row it will load package data form the selected file and all unsaved form data will be lost.","Lütfen dikkatli olunuz. Bu satıra bir kere tıkladığınızda seçili dosyadan veriler yüklenecek, kaydedilmemiş verileriniz kaybolacaktır."
"Please click on the Close Window button if it is not closed automatically.","Eğer otomatik kapanmazsa Pencereyi Kapat butonuna basınız."
"Please enter a new group name","Yeni bir Grup Adı giriniz"
"Please refresh ""Catalog URL Rewrites"" and ""Product Attributes"" in System -&gt; <a href=""%s"">Index Management</a>","Please refresh ""Catalog URL Rewrites"" and ""Product Attributes"" in System -&gt; <a href=""%s"">Index Management</a>"
"Please refresh ""Catalog URL Rewrites"" and ""Product Attributes"" in System -> <a href=""%s"">Index Management</a>","Please refresh ""Catalog URL Rewrites"" and ""Product Attributes"" in System -> <a href=""%s"">Index Management</a>"
"Please refresh ""Product Attributes"" in System -&gt; <a href=""%s"">Index Management</a>","Please refresh ""Product Attributes"" in System -&gt; <a href=""%s"">Index Management</a>"
"Please select a static block ...","Lütfen bir statik blok seçiniz..."
"Please select items.","Lütfen kayıtları seçiniz."
"Please select one or more attributes.","Lütfen bir veya daha fazla özellik seçiniz."
"Please select product(s).","Lütfen ürün(ler) seçiniz."
"Please select products for attributes update","Lütfen özellikleri güncellenecek ürünleri seçiniz"
"Please set up merge date/time","Lütfen birleştirme tarih/saat seçimi yapınız"
"Please set up merge date/time later then present date","Lütfen birleştirme için şu andan daha ilerde bir tarih/saat seçimi yapınız"
"Please specify date required option(s).","Lütfen tarih gereken seçenekleri belirtiniz."
"Please specify the number of products, that will not be divided into subintervals.","En küçük bölünme limiti için ürün sayısını belirtiniz."
"Please specify the product required option(s)","Please specify the product required option(s)"
"Please specify the product required option(s).","Please specify the product required option(s)."
"Please specify the product\'s option(s).","Please specify the product\'s option(s)."
"Please specify the product\'s required option(s).","Please specify the product\'s required option(s)."
"Please specify the quantity of product(s).","Please specify the quantity of product(s)."
"Please specify time required option(s).","Please specify time required option(s)."
"Please wait...","Lütfen bekleyiniz..."
"Position","Konum"
"Position in Layered Navigation","Katmanlı Gezinmedeki Pozisyonu"
"Position of attribute in layered navigation block","Özelliğin Katmanlı Gezinme Menüsündeki Yeri"
"Prev","Önceki"
"Previous","Önceki"
"Price","Fiyat"
"Price Navigation Step Calculation","Fiyat Gezinmesi Adım Hesaplaması"
"Price Type","Fiyat Tipi"
"Price is not available","Fiyat Bulunamadı"
"Price values for options should be specified in system base currency.","Ürün Seçeneklerinin ücretlendirilmesi sistemde kullanılan varsayılan para birimi ile yapılmalıdır."
"Price:","Fiyat :"
"Price: %s","Fiyat : %s"
"Print This Page","Bu sayfayı Yazdır"
"Product","Ürün"
"Product API","Ürün API si"
"Product Alerts","Ürün Alarmları"
"Product Attribute","Ürün Özelliği"
"Product Attributes","Ürün Özellikleri"
"Product Categories","Ürün Kategorileri"
"Product Description","Ürün Açıklaması"
"Product Extra Info","Ekstra Ürün Bilgisi"
"Product Flat Data","Ürün için Düz Katalog Verisi"
"Product ID","Ürün No"
"Product Image Placeholders","Ürün Resmi Çerçevesi"
"Product Image Watermarks","Ürün Resmi Kopya Koruması"
"Product Images","Ürün Resimleri"
"Product Images API","Ürün Resimleri API si"
"Product In Websites","Web Sitelerindeki Ürün"
"Product Info Column","Ürün bilgisi kolonu"
"Product Information","Ürün Bilgisi"
"Product Link Block Template","Ürün Bağlantısı Blok Teması"
"Product Link Inline Template","Ürün Bağlantısı Inline Teması"
"Product Listing Sort by","Ürün listesi sıralama şekli"
"Product Name","Ürün Adı"
"Product Prices","Ürün Fiyatları"
"Product Reviews","Ürün Yorumları"
"Product Tags","Ürün Etiketleri"
"Product Tier Price API","Ürün kanal fiyatı API si"
"Product Type","Ürün Tipi"
"Product URL Suffix","Ürün Adresi Soneki"
"Product View Extra Hint","Ürün Görünümü Ekstra İpucu"
"Product attribute sets API","Ürün özellik setleri API si"
"Product attributes API","Ürün özellikleri API si"
"Product collection expected.","Ürün listesi bekleniyor."
"Product is not loaded","Ürün yüklenemedi"
"Product links API (related, cross sells, up sells)","Product links API (related, cross sells, up sells)"
"Product types API","Ürün Tipleri API si"
"Product with this combination of attributes already associated to configurable.","Bu ürün aynı kombinasyonla Ayarlanabilir Ürün olarak zaten var."
"Products","Ürünler"
"Products Comparison List","Ürün karşılaştırma listesi"
"Products Information","Ürün Bilgisi"
"Products Reviews","Ürün Yorumları"
"Products Sitemap","Ürünlerin site haritası"
"Products only","Sadece ürünler"
"Products per Page on Grid Allowed Values","Kutu Görünümünde sayfa başı ürün sayısı değerleri"
"Products per Page on Grid Default Value","Kutu tipinde Sayfa Başı Ürün Sayısı varsayılan değer"
"Products per Page on List Allowed Values","Liste Görünümünde sayfa başı ürün sayısı değerleri"
"Products per Page on List Default Value","Liste tipinde Sayfa Başı Ürün Sayısı varsayılan değer"
"Properties","Özellikler"
"Qty","Adet"
"Qty Increments","Adet Artırımları"
"Qty Uses Decimals","Adet kısmında ondalık sayı kullan"
"Qty for Item\'s Status to Become Out of Stock","Qty for Item\'s Status to Become Out of Stock"
"Qty:","Adet:"
"Quantity","Adet"
"Quick Create","Hızlı Oluştur"
"Quick Overview","Açıklama"
"Quick simple product creation","Hızlı basit ürün oluşturma"
"Records for ""%s"" store found.","Records for ""%s"" store found."
"Redirect","Yönlendir"
"Redirect URL","Yönlendirileceği Adres"
"Regular Price:","Normal Fiyat :"
"Related Products","İlişkili Ürünler"
"Remove","Sil"
"Remove Product From Websites","Ürünü Web Sitelerinden Sil"
"Remove This Item","Bu kaydı sil"
"Remove attribute from attribute set","Özellik setinden özellik sil"
"Remove attribute set","Özellik setini sil"
"Remove custom option","Özel seçeneği sil"
"Remove group from attribute set","Özellik setinden özellik grubu sil"
"Remove option","Seçenek sil"
"Remove product assignment","Ürün atamasını kaldır"
"Remove product image","Ürün resmini sil"
"Remove product link","Ürün bağlantısını sil"
"Remove value from custom option","Özel seçenekten değer sil"
"Rename existing group","Varolan grubun adını değiştir"
"Rename group","Grubun adını değiştir"
"Reorganize EAV category structure to flat structure","EAV Kategori yapısını düz veritabanına çevir"
"Reorganize EAV product structure to flat structure","EAV Ürün yapısını düz veritabanına çevir"
"Reset","Sıfırla"
"Results","Sonuçlar"
"Retrieve attribute data","Özellik verisi al"
"Retrieve attribute list","Özellik listesi al"
"Retrieve attribute options","Özellik seçeneklerini al"
"Retrieve categories tree","Kategori ağacını al"
"Retrieve category attributes","Kategori özelliklerini al"
"Retrieve category data","Kategori verisini al"
"Retrieve hierarchical tree","Hiyerarşik ağacı al"
"Retrieve linked products","Bağlantılı ürünleri al"
"Retrieve list of assigned products","Atanmış ürünlerin listesini al"
"Retrieve list of option values","Seçenek değerlerini listele"
"Retrieve list of product custom options","Ürün özel seçeneklerini listele"
"Retrieve one level of categories by website/store view/parent category","Kategorilerin bir seviyesini, web sitesine/mağaza görünümüne/üst kategoriye göre al"
"Retrieve option value info","Seçenek değeri bilgisini al"
"Retrieve product","Ürün bilgisi oku"
"Retrieve product attribute sets","Ürün özellik setlerini al"
"Retrieve product image","Ürün resmini al"
"Retrieve product image list","Ürün resim listesini al"
"Retrieve product image types","Ürün resim tiplerini al"
"Retrieve product link type attributes","Ürün bağlantı tipi özelliklerini al"
"Retrieve product link types","Ürün bağlantı tipilerini al"
"Retrieve product tier prices","Ürün kanal fiyatlarını al"
"Retrieve product types","Ürün tiplerini al"
"Retrieve products data","Ürün verisini al"
"Retrieve products list by filters","Ürün listesini filtreleyerek al"
"Reviews","Yorumlar"
"Roll Over for preview","Önizleme için üstüne gidin"
"Root","Ana Dizin"
"SKU","Ürün Kodu"
"SKU length should be %s characters maximum.","SKU verisi uzunluğu en fazla %s karakter olabilir."
"Save","Kaydet"
"Save Attribute","Özelliği Kaydet"
"Save Attribute Set","Özellik Setini Kaydet"
"Save Category","Kategoriyi Kaydet"
"Save Search","Aramayı Kaydet"
"Save and Continue Edit","Kaydet ve Düzenlemeye Devam Et"
"Saved %d record(s)","%d Kayıt Kaydedildi"
"Scope","Kapsam"
"Scope must not be changed, because the attribute is used in configurable products.","Kapsamı değiştirmemelisiniz, çünkü bu özellik ayarlanabilir ürünlerde kullanıldı."
"Search","Arama"
"Search Engine Optimizations","Arama Motoru Optimizasyonları"
"Search Information","Arama Bilgisi"
"Search Query","Arama Sorgusu"
"Search Term with such search query already exists.","Bu arama kelimesi zaten var."
"Search Weight","Arama Ağırlığı"
"Searchable","Aranabilir"
"See price before order confirmation.","Sipariş onayından önce fiyatı inceleyin."
"Select Category...","Kategori Seç..."
"Select Configurable Attributes ","Ayarlanabilir Ürün Özelliklerini Seç "
"Select Product...","Ürün Seç..."
"Select type of option","Seçenek tipi seçiniz"
"Select type options required values rows.","Seçenek tipi için gerekli değerleri seçiniz."
"Selected Product Types","Seçili Ürün Tipleri"
"Send Count","Sayımı Gönder"
"Set Ascending Direction","Küçükten Büyüğe Sıralamayı Ayarla"
"Set Descending Direction","Büyükten Küçüğe Sıralamayı Ayarla"
"Set Name","İsmi Ayarla"
"Set Root Category for Store","Mağaza için En Üst Kategoriyi seçiniz"
"Set root category for this store in the <a href=""%s"">configuration</a>","Mağaza için En Üst Kategoriyi seçmek için <a href=""%s"">BURAYA</a> tıklayınız"
"Set special price","Özel fiyat belirle"
"Set/Get current store view","Mevcut mağaza görünümünü Göster/Düzenle"
"Settings","Ayarlar"
"Shop By","Hedef Daralt"
"Shopping Options","Alışveriş Seçenekleri"
"Show","Göster"
"Show Details","Detayları Göster"
"Show Tags","Etiketleri Göster"
"Simple Product","Basit Ürün"
"Site Map","Site Haritası"
"Sitemap","SiteHaritası"
"Skip import row, is not valid value ""%s"" for field ""%s""","Satırı almayı atla, ""%s"" geçerli bir değer değil. ( Alan : ""%s"")"
"Skip import row, required field ""%s"" for the new customer is not defined.","Satır verisi alımını atla, yeni müşteri için gerekli ""%s"" alanı boş."
"Skip import row, the value ""%s"" is invalid for field ""%s""","Satır verisi alımını atla, ""%s"" değeri ""%s"" alanı için geçerli değil"
"Skipping import row, required field ""%s"" for new products is not defined.","Satır verisi alımı atlandı, yeni ürün için zorunlu alan olan ""%s"" ayarlanmadı."
"Skipping import row, required field ""%s"" is not defined.","Satır verisi alımı atlandı, zorunlu alan olan ""%s"" ayarlanmadı."
"Skipping import row, store ""%s"" field does not exist.","Satır verisi alımı atlandı, mağaza ""%s"" alanı bulunamadı."
"Skipping import row, the value ""%s"" is not valid for the ""%s"" field.","Satır verisi alımı atlandı, ""%s"" değeri ""%s"" alanı için geçerli değil."
"Some of the processed products have no SKU value defined. Please fill it prior to performing operations on these products.","İşlenen bazı ürünlerinde SKU değeri bulunamadı. Bu ürünlerle ilgili işlemi tamamlamak için verileri giriniz."
"Some of the selected item options are not currently available.","Some of the selected item options are not currently available."
"Sort By","Sıralama Alanı"
"Sort Order","Sıralama"
"Source Model","Kaynak Modeli"
"Special Expires On: %s","Özel Fiyatın Bitiş Tarihi: %s"
"Special Price:","Özel Fiyat:"
"Special Price: %s","Özel Fiyat: %s"
"Starting at:","Başlama :"
"Static","Sabit"
"Static block and products","Sabit blok ve ürünler"
"Static block only","Sadece sabit blok"
"Status","Durum"
"Stock Availability","Stok Durumu"
"Store","Mağaza"
"Store View","Mağaza Görünümü"
"Stretch","Esnek"
"Subscribe to RSS Feed","RSS Veri Akışına Abone Ol"
"Super product attributes configuration","Süper ürün özellikleri ayarı"
"Synonym For","Eşanlamlısı"
"System Properties","Sistem Özellikleri"
"Tag Name","Etiket Adı"
"Tax","Vergi"
"Template","Şablon"
"Text","Yazı"
"The Flat Catalog module has a limit of %2\$d filterable and/or sortable attributes. Currently there are %1\$d of them. Please reduce the number of filterable/sortable attributes in order to use this module","The Flat Catalog module has a limit of %2\$d filterable and/or sortable attributes. Currently there are %1\$d of them. Please reduce the number of filterable/sortable attributes in order to use this module"
"The From Date value should be less than or equal to the To Date value.","The From Date value should be less than or equal to the To Date value."
"The attribute code \'%s\' is reserved by system. Please try another attribute code","The attribute code \'%s\' is reserved by system. Please try another attribute code"
"The attribute model is not defined","Özellik modeli ayarlanmadı"
"The attribute set has been saved.","Özellik seti kaydedildi."
"The base directory to upload file is not specified.","Yüklenecek dosyalar için ana klasör seçimi yapılmamış."
"The category has been deleted.","Kategori silindi."
"The category has been saved.","Kategori kaydedildi."
"The comparison list was cleared.","Karşılaştırma listesi temizlendi."
"The file '%s' for '%s' has an invalid extension","'%s' - '%s' dosyasının uzantısı kabul edilmeyen bir uzantıya sahip"
"The file '%s' you uploaded is larger than %s Megabytes allowed by server","'%s' dosyası izin verilen en büyük dosya boyutundan ( %s Megabayt ) daha büyük."
"The file you uploaded is larger than %s Megabytes allowed by server","Yüklemek istediğiniz dosya izin verilen en büyük dosya boyutundan ( %s Megabayt ) daha büyük."
"The filters must be an array.","Filtreler dizi değişken olmalıdır."
"The image contents is not valid base64 data.","Resim içeriği geçerli base64 verisi değil."
"The image is not specified.","Resim belirlenmedi."
"The model collection resource name is not defined.","Model koleksiyonu kaynak adı belirtilmedi."
"The product %s has been added to comparison list.","%s adlı ürün karşılaştırma listesine eklendi."
"The product %s has been removed from comparison list.","%s adlı ürün karşılaştırma listesinden silindi."
"The product attribute has been deleted.","Ürün özelliği silindi."
"The product attribute has been saved.","Ürün özelliği kaydedildi."
"The product has been created.","Ürün oluşturuldu."
"The product has been deleted.","Ürün silindi."
"The product has been duplicated.","Ürün çoğaltıldı."
"The product has been saved.","Ürün kaydedildi."
"The product has required options","Ürün için belirlenmesi gereken seçenekler var"
"The review has been deleted","Yorum silindi"
"The review has been saved.","Yorum kaydedildi."
"The review was removed by another user or does not exist.","Yorum başka bir kullanıcı tarafından silindi veya bulunamadı."
"The search was deleted.","Arama silindi."
"The text is too long","Yazı çok uzun"
"There are no %s available.","Hiç %s yok."
"There are no customers for this alert","Bu alarma bağlı müşteri yok"
"There are no customers for this alert.","Bu alarma bağlı müşteri yok."
"There are no products matching the selection.","Seçiminizle eşleşen ürün yok."
"There was an error while request processing.","İstek işlenirken sorun oluştu."
"This Attribute no longer exists","Özellik bulunamıyor"
"This attribute cannot be deleted.","Bu özellik silinemedi."
"This attribute cannot be edited.","Bu özellik düzeltilemedi."
"This attribute cannot be updated.","Bu özellik güncellenemedi."
"This attribute is used in configurable products.","Bu özellik ayarlanabilir ürünlerde kullanıldı."
"This attribute is used in configurable products. You cannot remove it from the attribute set.","Bu özellik ayarlanabilir ürünlerde kullanıldı. Bu özelliği setten çıkaramazsınız."
"This attribute no longer exists","Özellik bulunamıyor"
"This attribute set no longer exists.","Bu özellik seti kaydına ulaşılamıyor."
"This group contains attributes, used in configurable products. Please move these attributes to another group and try again.","Bu gruptaki bazı özellikler bazı ayarlanabilir ürünlerde kullanıldı. Bu özellikleri başka gruba kaydırarak tekrar deneyiniz."
"This group contains system attributes. Please move system attributes to another group and try again.","Bu grup bazı sistem özelliklerini içeriyor. Bu sistem özelliklerini başka gruba kaydırıp tekrar deneyiniz."
"This is a required option","Bu seçenek zorunludur"
"This product no longer exists.","Bu ürün kaydına ulaşılamıyor."
"This search no longer exists.","Arama kaydına ulaşılamıyor."
"This setting will be applied when all prices in the specific price interval are equal.","Bu ayar, belirli bir fiyat aralığında fiyatların eşit olması durumunda uygulanacak."
"Tier Pricing","Kademeli Fiyat"
"Tile","Döşe"
"Time Format","Saat Biçimi"
"Title","Başlık"
"To reindex the enabled product(s), the store or product must be specified","To reindex the enabled product(s), the store or product must be specified"
"To see product price, add this item to your cart. You can always remove it later.","Ürünün gerçek fiyatını görmek için sepetinize ekleyiniz. İstediğiniz zaman sepetinizden bu ürünü çıkarabilirsiniz."
"Top/Left","Üst/Sol"
"Top/Right","Üst/Sağ"
"Total Qty Base Items","Temel Ürün Adedi"
"Total Qty Content Items","Toplam Adet İçerik Maddeleri"
"Total incl. Tax: %1$s","Vergi Dahil Toplam: %1$s"
"Total of %d record(s) have been deleted.","%d adette kayıt silindi."
"Total of %d record(s) have been updated.","%d adette kayıt güncellendi."
"Total of %d record(s) were updated","%d adette kayıt güncellendi."
"Type","Tip"
"URL Rewrite Management","Adres Yeniden Yazım Yönetimi"
"Unable to complete this request.","Bu istek tamamlanamadı."
"Unable to find a search term to delete.","Silinecek arama kelimesi bulunamadı."
"Unable to find an attribute to delete.","Silinecek özellik bulunamadı."
"Unable to get the product ID.","Ürün Numarası alınamadı"
"Unassigned Attributes","Eşleştirilmemiş Özellikler"
"Unknown EAV indexer type ""%s"".","Bilinmeyen EAV indeksleyici tipi ""%s""."
"Unknown attribute: %s.","Bilinmeyen özellik : %s."
"Unsupported product type ""%s"".","Desteklenmeyen ürün tipi ""%s""."
"Up-sells","Up-sells"
"Update","Güncelle"
"Update Attributes","Özellikleri Güncelle"
"Update Tier Price","Kanal Fiyatını Güncelle"
"Update assigned product","Bağlı Ürünü Güncelle"
"Update attribute","Özelliği güncele"
"Update attributes","Özellikleri Güncelle"
"Update category","Kategoriyi Güncelle"
"Update custom option of product","Ürünün özel seçeneklerini güncelle"
"Update product","Ürünü Güncelle"
"Update product image","Ürün resmini Güncelle"
"Update product link","Ürün bağlantısını Güncelle"
"Update product tier prices","Ürün kanal fiyatlarını Güncelle"
"Update value of custom option","Özel seçeneğin değerini güncelle"
"Upload new product image ","Yeni ürün resmi yükle"
"Use Canonical Link Meta Tag For Categories","Kategoriler için sanal link meta etiketi kullan"
"Use Canonical Link Meta Tag For Products","Ürünler için sanal link meta etiketi kullan"
"Use Categories Path for Product URLs","Kategori yolunu ürün adresinde kullan"
"Use Config Settings","Ayarları Kullan"
"Use Default Value","Varsayılan Değeri Kullan"
"Use Flat Catalog Category","Kategorilerde Düz Katalog Kullan"
"Use Flat Catalog Product","Ürünlerde Düz Katalog Kullan"
"Use In Layered Navigation","Katmanlı Menüde Kullan"
"Use In Search Results Layered Navigation","Arama Sonuçları Katmanlı Gezinme alanında kullan"
"Use JavaScript Calendar","JavaScript Takvim Kullan"
"Use Static URLs for Media Content in WYSIWYG for Catalog","WYSIWYG editöründe resimler için statik adresler kullan"
"Use To Create Configurable Product","Ayarlanabilir Ürün oluştururken kullan"
"Use Tree Like Category Sitemap","Ağaç Tipi Kategori Site Haritası Kullan"
"Use config","Ayarı kullan"
"Use default","Varsayılanı kullan"
"Use for Promo Rule Conditions","Promosyon kurallarında kullan"
"Use four-digit year format.","4 haneli yıl biçimi kullanınız."
"Use in Advanced Search","Gelişmiş aramada kullan"
"Use in Layered Navigation","Katmanlı gezinmede kullan"
"Use in Layered Navigation<br/>(Can be used only with catalog input type 'Dropdown')","Use in Layered Navigation<br/>(Can be used only with catalog input type 'Dropdown')"
"Use in Quick Search","Hızlı aramada kullan"
"Used for Sorting in Product Listing","Ürün listesi sıralamasında kullanılan"
"Used in Product Listing","Ürün listelemede kullanılan"
"Value for ""%s"" is invalid.","""%s"" değeri geçersiz."
"Value for ""%s"" is invalid: %s","""%s"" için hatalı değer: %s"
"Varchar","Değişken Uzunluklu Karakter Kümesi"
"View as","Listeleme Şekli"
"Virtual Product","Sanal Ürün/Hizmet"
"Visibility","Görünürlük"
"Visible","Görünür"
"Visible on Catalog Pages on Front-end","Ön sayfadaki katalog sayfalarında görünür"
"Visible on Product View Page on Front-end","Site önyüzünde Ürün Görünümü sayfalarında görünür"
"WYSIWYG Editor","WYSIWYG Editör"
"Watermark","Kopya Koruması"
"Watermark Default Size","Kopya Koruması Boyutu"
"Watermark Opacity, Percent","Kopya Koruması saydamlık yüzdesi"
"Watermark Position","Kopya Konumu"
"We Also Recommend","Bunları da tavsiye ediyoruz"
"Website","Web Sitesi"
"Website Item Must be checked","Websitesi kaydı seçilmeli"
"Website Store Must be checked","Websitesi Mağazası seçilmeli"
"Websites","Websiteleri"
"What's this?","Bu nedir?"
"Whether to show ""All"" option in the ""Show X Per Page"" dropdown.","Sayfa başı X kayıt göster listesinde ""Hepsi"" seçeneğini de göster."
"Will make search for the query above return results for this search.","Yukarıdaki arama sorgusunun içinde arama yapılacak."
"Wrong BuyRequest instance in options group.","Seçenek grubunda hatalı satınalma isteği örneği."
"Wrong configuration item instance in options group.","Seçenek grubu hatalı ayar örneğine sahip."
"Wrong configuration item option instance in options group.","Seçenek grubu hatalı seçeneğe sahip."
"Wrong option instance type in options group.","Seçenek grubunda hatalı seçenek örnek tipi."
"Wrong option type to get group instance.","Grup örneği alınırken Hatalı Seçenek Tipi."
"Wrong product instance type in options group.","Seçenek grubunda hatalı ürün örnek tipi."
"Wrong product type filter specified","Hayalı ürün tip filtresi belirtildi"
"Wrong product type to extract configurable options.","Ayarlanabilir ürün seçeneklerini almak için yanlış ürün."
"Year Range","Yıl Aralığı"
"Yes","Evet"
"You cannot remove system attribute from this set.","Sistem özelliğini bu setten özellik setinden silemezsiniz."
"You have no items to compare.","Karşılaştırılacak ürün eklemediniz."
"You may also be interested in the following product(s)","Bu ürünlerle de  ilgilenebileceğinizi düşünüyoruz:"
"Zoom In","Yaklaştır"
"Zoom Out","Uzaklaştır"
"and","ve"
"and above","ve üzeri"
"categories","Kategoriler"
"each","her"
"ex. http://domain.com","ör. http://domain.com"
"leave blank if its not an image","eğer resim değilse boş bırakınız"
"per page","sayfa başı"
"products","Ürünler"
"px.","pix."
"save","kazançlı çıkın. Ekstra indiriminiz:"
"select all","hepsini seç"
"unselect all","tüm seçimleri temizle"
"x","x"
